n,m,size_of_vc_optimal,running_LP_optimal,size_of_vc_LP_rouding,running_time_LP_rouding,approximation_factor_LP_rouding,size_of_vc_greedy,running_time_vc_greedy,approximation_factor_greedy_vc
20,20,7,0.008801614,7,0.001951029,1.0,12,8.1561e-05,1.71
20,40,11,0.011856467,18,0.001884852,1.64,18,0.000105977,1.64
20,60,13,0.017602116,20,0.001937269,1.54,18,0.000114399,1.38
20,80,14,0.01954318,20,0.002719837,1.43,16,0.000138395,1.14
20,100,15,0.01990752,20,0.002237203,1.33,20,8.4515e-05,1.33
20,120,15,0.031937865,20,0.003293557,1.33,18,0.000173046,1.2
20,140,15,0.018801692,20,0.003003437,1.33,18,9.1195e-05,1.2
20,160,16,0.031531864,20,0.002389869,1.25,18,0.000104215,1.12
20,180,16,0.017047935,20,0.00289767,1.25,20,0.000122912,1.25
10,10,4,0.008028739,4,0.001512319,1.0,8,1.3189e-05,2.0
10,15,5,0.010214616,8,0.001610384,1.6,6,1.3019e-05,1.2
10,20,6,0.011576112,10,0.002065148,1.67,8,4.3154e-05,1.33
10,25,6,0.009786822,10,0.001608312,1.67,8,5.2798e-05,1.33
10,30,7,0.009874793,10,0.00167491,1.43,8,3.6534e-05,1.14
10,35,7,0.009626786,10,0.001604916,1.43,8,7.443e-05,1.14
10,40,8,0.009673505,10,0.001556294,1.25,10,5.7425e-05,1.25
10,45,9,0.008878682,10,0.002030687,1.11,10,8.5407e-05,1.11
